{"armchair": 0.007946618659484116, "bookshelf": 0.0032108113391737052, "cabinet": 0.0025561244442042206, "ceiling_lamp": 0.0022145652242184215, "chair": 0.0014666703591528273, "children_cabinet": 0.004948800968701466, "coffee_table": 0.01103369079458392, "desk": 0.02599078037318083, "double_bed": 0.10232824630909446, "dressing_chair": 0.0007228800916415406, "dressing_table": 0.007160692551572391, "kids_bed": 0.013225955675175574, "nightstand": 0.0024621798450758306, "pendant_lamp": 0.0003054013081363297, "shelf": 0.0005988126256095411, "single_bed": 0.10616672360778955, "sofa": 0.02372580842319161, "stool": 0.0020732280630172913, "table": 0.000463320027314622, "tv_stand": 0.009105731662778439, "wardrobe": 0.009149730063743105}