{"armchair": 0.0016446760542558304, "bookshelf": 2.8909142419926493e-05, "cabinet": 0.0017721753818964717, "ceiling_lamp": 0.00013390995772706108, "chaise_longue_sofa": 0.021506792196106832, "chinese_chair": 0.00585581851393419, "coffee_table": 0.0002839698991906858, "console_table": 0.0009471707907359281, "corner_side_table": 0.0011030112206323263, "desk": 0.014161381761160932, "dining_chair": 8.164487202166311e-06, "dining_table": 0.003951821177308754, "l_shaped_sofa": 0.019685971784827304, "lazy_sofa": 0.010931637771020101, "lounge_chair": 0.0002988301677843501, "loveseat_sofa": 0.018918092575808863, "multi_seat_sofa": 0.023452961432141473, "pendant_lamp": 3.848099039074697e-05, "round_end_table": 7.744213781602845e-06, "shelf": 0.0007738849022090896, "stool": 0.0006120445753219008, "tv_stand": 0.004677970547730601, "wardrobe": 0.009875283400060074, "wine_cabinet": 0.0021664753415715668}