{"kids_bed": 0.013225955675175574, "single_bed": 0.10616672360778955, "double_bed": 0.1023164308490323, "corner_side_table": 0.0011013767209011264, "round_end_table": 7.728811463373163e-06, "coffee_table": 0.0002839134631764238, "console_table": 0.0009471707907359281, "tv_stand": 0.004674241072891222, "desk": 0.004222603171776091, "dressing_table": 0.006193660079995224, "table": 3.1844429347826086e-05, "dining_table": 0.003948107410764431, "stool": 0.0006120445753219008, "dressing_chair": 0.0005224507047214281, "dining_chair": 8.164487202166311e-06, "chinese_chair": 0.00585581851393419, "armchair": 0.0016444937176644495, "chair": 0.00024838035311406867, "lounge_chair": 0.00029836077082382676, "loveseat_sofa": 0.018918092575808863, "lazy_sofa": 0.010931313988962058, "sofa": 0.022558486482941783, "multi_seat_sofa": 0.023452961432141473, "chaise_longue_sofa": 0.021506792196106832, "l_shaped_sofa": 0.019685971784827304, "nightstand": 0.0001657908584362318, "shelf": 0.0005697838345864662, "bookshelf": 2.890747103953193e-05, "children_cabinet": 0.004948800968701466, "wine_cabinet": 0.0021664753415715668, "cabinet": 0.001021698318029144, "wardrobe": 0.001376529724161205, "pendant_lamp": 3.848099039074697e-05, "ceiling_lamp": 7.051960124370933e-05}